{"options":{"awareOfChrome":false,"check_for_updates":true,"comment":null,"compat_arrayleft":false,"compat_foreach":false,"compat_forvarin":false,"compat_metadata":false,"compat_uW_gmonkey":false,"compat_wrappedjsobject":false,"compatopts_for_requires":true,"noframes":null,"override":{"merge_connects":true,"merge_excludes":true,"merge_includes":true,"merge_matches":true,"orig_connects":[],"orig_excludes":["http://www.panda.tv/roomframe/*","http://www.kafan.cn/home.php?mod=spacecp&ac=avatar"],"orig_includes":["http://play.baidu.com/*","http://fm.baidu.com/*","*://www.baidu.com/","http://5sing.kugou.com/*","http://www.beiwo.ac/*","http://www.dongting.com/*","http://fm.dongting.com/*","http://www.duole.com/*","*://music.douban.com/*","http://papa.me/*","http://www.1ting.com/*","http://www.9ku.com/*","http://www.666ccc.com/*","http://www.yue365.com/*","http://dict.cn/*","*://www.duonao.tv/*","http://www.webtoons.com/*","http://v.rongkuai.com/play.html?course_id=*","http://www.panda.tv/*","http://www.kafan.cn/*"],"orig_matches":[],"orig_noframes":null,"orig_run_at":"document-start","use_blockers":[],"use_connects":[],"use_excludes":[],"use_includes":[],"use_matches":[]},"run_at":null},"settings":{"enabled":false,"position":2},"meta":{"name":"navigator.plugins spoofing","uuid":"ea4cd8d8-b37c-4927-a164-8c55e3af9a55","modified":1510969170012,"file_url":"https://greasyfork.org/scripts/6668-navigator-plugins-spoofing/code/navigatorplugins%20spoofing.user.js"}}