{"options":{"awareOfChrome":false,"check_for_updates":true,"comment":null,"compat_arrayleft":false,"compat_foreach":false,"compat_forvarin":false,"compat_metadata":false,"compat_uW_gmonkey":false,"compat_wrappedjsobject":false,"compatopts_for_requires":true,"noframes":null,"override":{"merge_connects":true,"merge_excludes":true,"merge_includes":true,"merge_matches":true,"orig_connects":[],"orig_excludes":[],"orig_includes":["http://*"],"orig_matches":[],"orig_noframes":null,"orig_run_at":"document-end","use_blockers":[],"use_connects":["sogou.com"],"use_excludes":[],"use_includes":[],"use_matches":[]},"run_at":null},"settings":{"enabled":true,"position":8},"meta":{"name":"下载一键通","uuid":"60db8b03-f323-4956-84ea-fba314b459ee","modified":1510969561399,"file_url":"https://greasyfork.org/scripts/2510-%E4%B8%8B%E8%BD%BD%E4%B8%80%E9%94%AE%E9%80%9A/code/%E4%B8%8B%E8%BD%BD%E4%B8%80%E9%94%AE%E9%80%9A.user.js"}}