{"options":{"awareOfChrome":false,"check_for_updates":true,"comment":null,"compat_arrayleft":false,"compat_foreach":false,"compat_forvarin":false,"compat_metadata":false,"compat_uW_gmonkey":false,"compat_wrappedjsobject":false,"compatopts_for_requires":true,"noframes":null,"override":{"merge_connects":true,"merge_excludes":true,"merge_includes":true,"merge_matches":true,"orig_connects":[],"orig_excludes":[],"orig_includes":[],"orig_matches":["*://pan.baidu.com/disk/home*","*://yun.baidu.com/disk/home*","*://pan.baidu.com/s/*","*://yun.baidu.com/s/*","*://pan.baidu.com/share/link*","*://yun.baidu.com/share/link*"],"orig_noframes":null,"orig_run_at":"document-idle","use_blockers":[],"use_connects":[],"use_excludes":[],"use_includes":[],"use_matches":[]},"run_at":null},"settings":{"enabled":false,"position":10},"meta":{"name":"百度网盘直接下载助手 生成链接到 Aria2 WebUI， 包含--out filename","uuid":"28c15c8b-ead0-4c21-a6b5-bacbba9df850","modified":1511847105271,"file_url":"https://greasyfork.org/scripts/33344-%E7%99%BE%E5%BA%A6%E7%BD%91%E7%9B%98%E7%9B%B4%E6%8E%A5%E4%B8%8B%E8%BD%BD%E5%8A%A9%E6%89%8B-%E7%94%9F%E6%88%90%E9%93%BE%E6%8E%A5%E5%88%B0-aria2-webui-%E5%8C%85%E5%90%AB-out-filename/code/%E7%99%BE%E5%BA%A6%E7%BD%91%E7%9B%98%E7%9B%B4%E6%8E%A5%E4%B8%8B%E8%BD%BD%E5%8A%A9%E6%89%8B%20%E7%94%9F%E6%88%90%E9%93%BE%E6%8E%A5%E5%88%B0%20Aria2%20WebUI%EF%BC%8C%20%E5%8C%85%E5%90%AB--out%20filename.user.js"}}