{"options":{"awareOfChrome":false,"check_for_updates":true,"comment":null,"compat_arrayleft":false,"compat_foreach":false,"compat_forvarin":false,"compat_metadata":false,"compat_uW_gmonkey":false,"compat_wrappedjsobject":false,"compatopts_for_requires":true,"noframes":null,"override":{"merge_connects":true,"merge_excludes":true,"merge_includes":true,"merge_matches":true,"orig_connects":[],"orig_excludes":[],"orig_includes":[],"orig_matches":["*://*.iqiyi.com/*","*://*.youku.com/*","*://*.le.com/*","*://v.qq.com/*","*://*.tudou.com/*","*://*.mgtv.com/*","*://film.sohu.com/*","*://tv.sohu.com/*","*://*.acfun.cn/v/*","*://*.bilibili.com/*","*://*.taobao.com/*","*://*/*","*://bbs.kafan.cn/*"],"orig_noframes":null,"orig_run_at":"document-end","use_blockers":[],"use_connects":[],"use_excludes":[],"use_includes":[],"use_matches":[]},"run_at":null},"settings":{"enabled":false,"position":12},"meta":{"name":"翻页助手(测试版)","uuid":"11fdbdc1-a266-43f1-ae5f-80bf07700026","modified":1513169076183,"file_url":"https://greasyfork.org/scripts/32574-%E7%BF%BB%E9%A1%B5%E5%8A%A9%E6%89%8B-%E6%B5%8B%E8%AF%95%E7%89%88/code/%E7%BF%BB%E9%A1%B5%E5%8A%A9%E6%89%8B(%E6%B5%8B%E8%AF%95%E7%89%88).user.js"}}